[{"_allAttributes":null,"_properties":null,"_methods":null,"file":"c:/Users/manish.nagar/Downloads/Test/force-app/main/default/lwc/cN_Content_Report/mydemo/force-app/main/default/lwc/cN_Content_Report/cN_Content_Report.js","metadata":{"decorators":[{"type":"wire","targets":[{"name":"filtermapFields","adapter":{"name":"filtermap","reference":"@salesforce/apex/CN_Content_Report.filterMap"},"type":"method"}]}],"declarationLoc":{"start":{"line":19,"column":0},"end":{"line":465,"column":1}},"classMembers":[{"type":"property","name":"error","loc":{"start":{"line":20,"column":4},"end":{"line":20,"column":10}}},{"type":"property","name":"casesSpinner","loc":{"start":{"line":21,"column":4},"end":{"line":21,"column":24}}},{"type":"property","name":"CnDataList","loc":{"start":{"line":23,"column":4},"end":{"line":23,"column":20}}},{"type":"property","name":"tempCnDataList","loc":{"start":{"line":24,"column":4},"end":{"line":24,"column":24}}},{"type":"property","name":"draftValues","loc":{"start":{"line":25,"column":4},"end":{"line":25,"column":21}}},{"type":"property","name":"requiredField","loc":{"start":{"line":26,"column":4},"end":{"line":26,"column":26}}},{"type":"property","name":"OperatorMap","loc":{"start":{"line":27,"column":4},"end":{"line":27,"column":21}}},{"type":"property","name":"mapOfValues","loc":{"start":{"line":28,"column":4},"end":{"line":28,"column":21}}},{"type":"property","name":"fieldMap","loc":{"start":{"line":29,"column":4},"end":{"line":29,"column":18}}},{"type":"property","name":"ShowFilterList","loc":{"start":{"line":30,"column":4},"end":{"line":30,"column":24}}},{"type":"property","name":"newShowFilterList","loc":{"start":{"line":31,"column":4},"end":{"line":31,"column":27}}},{"type":"property","name":"removelogic","loc":{"start":{"line":32,"column":4},"end":{"line":32,"column":20}}},{"type":"property","name":"selectedfield","loc":{"start":{"line":33,"column":4},"end":{"line":33,"column":23}}},{"type":"property","name":"selectedoperator","loc":{"start":{"line":34,"column":4},"end":{"line":34,"column":26}}},{"type":"property","name":"selectedvalue","loc":{"start":{"line":35,"column":4},"end":{"line":35,"column":23}}},{"type":"property","name":"selectedLogic","loc":{"start":{"line":36,"column":4},"end":{"line":36,"column":23}}},{"type":"property","name":"selectedlistview","loc":{"start":{"line":37,"column":4},"end":{"line":37,"column":26}}},{"type":"property","name":"filterlistview","loc":{"start":{"line":38,"column":4},"end":{"line":38,"column":19}}},{"type":"property","name":"datatype","loc":{"start":{"line":39,"column":4},"end":{"line":39,"column":13}}},{"type":"property","name":"input_value","loc":{"start":{"line":40,"column":4},"end":{"line":40,"column":21}}},{"type":"property","name":"varBoolean","loc":{"start":{"line":41,"column":4},"end":{"line":41,"column":23}}},{"type":"property","name":"varBoolean1","loc":{"start":{"line":42,"column":4},"end":{"line":42,"column":23}}},{"type":"property","name":"listviewrequired","loc":{"start":{"line":43,"column":4},"end":{"line":43,"column":29}}},{"type":"property","name":"listviewList","loc":{"start":{"line":45,"column":4},"end":{"line":45,"column":22}}},{"type":"property","name":"arefilterVisible","loc":{"start":{"line":47,"column":4},"end":{"line":47,"column":29}}},{"type":"property","name":"showfilter","loc":{"start":{"line":48,"column":4},"end":{"line":48,"column":23}}},{"type":"property","name":"columns","loc":{"start":{"line":49,"column":4},"end":{"line":117,"column":6}}},{"type":"method","name":"connectedCallback","loc":{"start":{"line":118,"column":4},"end":{"line":120,"column":5}}},{"type":"method","name":"loadData","loc":{"start":{"line":123,"column":4},"end":{"line":204,"column":5}}},{"type":"method","name":"filtermapFields","loc":{"start":{"line":206,"column":4},"end":{"line":227,"column":5}},"decorator":"wire"},{"type":"method","name":"handleSave","loc":{"start":{"line":229,"column":4},"end":{"line":276,"column":5}}},{"type":"method","name":"OpenFilter","loc":{"start":{"line":278,"column":4},"end":{"line":287,"column":5}}},{"type":"method","name":"addFilter","loc":{"start":{"line":290,"column":4},"end":{"line":333,"column":5}}},{"type":"method","name":"saveFilter","loc":{"start":{"line":335,"column":4},"end":{"line":377,"column":5}}},{"type":"method","name":"changeFieldHandler","loc":{"start":{"line":379,"column":4},"end":{"line":386,"column":5}}},{"type":"method","name":"changeOperatorHandler","loc":{"start":{"line":388,"column":4},"end":{"line":390,"column":5}}},{"type":"method","name":"inputvalue","loc":{"start":{"line":391,"column":4},"end":{"line":393,"column":5}}},{"type":"method","name":"customlogic","loc":{"start":{"line":394,"column":4},"end":{"line":396,"column":5}}},{"type":"method","name":"listviewName","loc":{"start":{"line":397,"column":4},"end":{"line":399,"column":5}}},{"type":"method","name":"listviewHandler","loc":{"start":{"line":402,"column":4},"end":{"line":415,"column":5}}},{"type":"method","name":"colseFilter","loc":{"start":{"line":417,"column":4},"end":{"line":425,"column":5}}},{"type":"method","name":"deletefilter","loc":{"start":{"line":426,"column":4},"end":{"line":447,"column":5}}},{"type":"method","name":"Removelistview","loc":{"start":{"line":448,"column":4},"end":{"line":463,"column":5}}}],"exports":[{"type":"ExportDefaultDeclaration"}]},"updatedAt":"2021-01-22T13:00:02.368Z"},{"_allAttributes":null,"_properties":null,"_methods":null,"file":"c:/Users/manish.nagar/Downloads/Test/force-app/main/default/lwc/cN_Content_Report/mydemo/force-app/main/default/lwc/newCase/newCase.js","metadata":{"decorators":[{"type":"api","targets":[{"type":"property","name":"objectApiName","value":{"type":"unresolved"}},{"type":"property","name":"recordId","value":{"type":"unresolved"}}]},{"type":"wire","targets":[{"name":"caseObjectInfo","adapter":{"name":"getObjectInfo","reference":"lightning/uiObjectInfoApi"},"type":"method","static":{"objectApiName":{"value":"@salesforce/schema/Case","type":"module"}},"params":{}},{"name":"wiredPageRef","adapter":{"name":"CurrentPageReference","reference":"lightning/navigation"},"type":"method"}]},{"type":"track","targets":[{"name":"selectedValue","type":"property"},{"name":"options","type":"property"},{"name":"isopen","type":"property"},{"name":"loading","type":"property"}]}],"exports":[{"type":"ExportDefaultDeclaration"}]},"updatedAt":"2021-01-14T13:55:00.663Z"}]